mean radius,mean texture
1.0970639814699839,-2.073335014697587
1.8298206075464492,-0.35363240824380465
1.5798881149312212,0.45618695176420127
-0.7689092872596179,0.25373211176219956
1.7502966326234215,-1.1518164326195115
