mean perimeter,mean area
1.2699336881399386,0.9843749048031144
1.6859547105508974,1.9087082542365934
1.5665031298586418,1.5588836327586921
-0.5926871666544724,-0.7644637923250276
1.7765731510760563,1.8262292784409906
